filename,id_post
EtErosVestibulum.tiff,41
DapibusDuisAt.mp3,12
IpsumDolorSit.mov,113
NullaPede.mov,80
NibhIn.mp3,24
Volutpat.avi,59
LuctusEtUltrices.avi,66
Justo.avi,86
LuctusEtUltrices.avi,111
At.ppt,85
Cras.jpeg,88
EstDonec.tiff,93
DictumstAliquamAugue.xls,66
LobortisConvallisTortor.mp3,73
ErosSuspendisseAccumsan.avi,2
Nibh.avi,90
ASuscipitNulla.tiff,52
PhasellusIdSapien.mp3,52
ConvallisNuncProin.ppt,71
LaciniaErat.jpeg,91
DictumstEtiam.tiff,148
NislDuis.avi,130
SedMagna.ppt,28
ConvallisTortor.mp3,38
Consectetuer.avi,95
Eget.gif,123
Lobortis.pdf,49
Lobortis.ppt,100
Potenti.jpeg,138
Vulputate.doc,6
NamTristique.mp3,71
Nullam.mpeg,111
TortorDuisMattis.doc,50
TinciduntIn.mp3,12
EgetVulputateUt.avi,102
MaecenasUt.jpeg,7
ElementumNullamVarius.xls,11
Integer.avi,102
Non.png,131
SedMagnaAt.avi,127
InterdumMauris.txt,96
DonecSemper.txt,106
FeugiatEtEros.avi,47
NullaEgetEros.mp3,44
Vivamus.mp3,65
PorttitorPede.xls,135
A.avi,131
HacHabitassePlatea.doc,54
PretiumQuisLectus.avi,87
VehiculaConsequat.ppt,110
NullaUltricesAliquet.avi,56
In.mp3,133
Vestibulum.xls,75
SitAmetCursus.tiff,147
VestibulumSitAmet.mp3,71
PrimisIn.ppt,2
PhasellusSit.mp3,21
Eget.mp3,35
LacusMorbiSem.mpeg,149
TinciduntLacusAt.ppt,82
ConvallisTortor.pdf,84
Pede.avi,146
UllamcorperPurus.xls,96
ConsequatUtNulla.mp3,65
Faucibus.mp3,109
Platea.xls,100
In.pdf,57
QuisTurpisEget.txt,35
PharetraMagna.mp3,14
AccumsanTellusNisi.xls,14
NullaInteger.xls,58
ConvallisDuisConsequat.ppt,24
AtFeugiat.tiff,133
EgestasMetus.xls,119
QuisTurpis.tiff,31
SapienUrnaPretium.xls,125
Metus.xls,16
AIpsum.gif,22
RisusPraesentLectus.jpeg,106
RhoncusAliquamLacus.mp3,127
PortaVolutpatQuam.ppt,75
PrimisInFaucibus.mp3,65
Volutpat.xls,31
Dui.ppt,52
VulputateJusto.ppt,122
TurpisA.ppt,55
Sapien.gif,29
Maecenas.xls,26
Condimentum.pdf,5
Nunc.ppt,78
Donec.ppt,68
Lobortis.avi,21
Etiam.jpeg,111
VivamusTortor.tiff,22
VestibulumAliquetUltrices.gif,24
NecCondimentum.ppt,94
InAnte.ppt,118
TempusSemper.xls,88
AtIpsum.avi,93
VariusUt.mp3,100
Potenti.avi,74
Pretium.mp3,58
PlateaDictumstAliquam.pdf,143
VitaeIpsum.ppt,109
Vel.ppt,58
Dictumst.png,32
InHacHabitasse.tiff,129
Ultrices.ppt,65
SedVestibulum.gif,122
Sapien.avi,41
Mauris.doc,142
NislNuncNisl.tiff,90
Sed.mov,47
Feugiat.avi,96
Turpis.tiff,17
ConvallisNunc.mpeg,66
Pellentesque.xls,19
Odio.tiff,14
AcConsequatMetus.avi,87
MiNulla.tiff,52
VestibulumVelitId.txt,48
AmetLobortisSapien.tiff,40
In.mpeg,6
Ligula.avi,109
Diam.tiff,106
PharetraMagna.tiff,115
NonMi.xls,4
IdNulla.png,16
Dui.mp3,130
DapibusNullaSuscipit.jpeg,67
AugueLuctusTincidunt.tiff,108
VivamusTortorDuis.mpeg,60
NullaMollis.txt,114
Mauris.xls,76
JustoSollicitudin.avi,102
DuisAliquamConvallis.xls,80
UtAtDolor.avi,127
NislDuisBibendum.xls,116
ArcuLibero.gif,61
LuctusEtUltrices.xls,88
LectusPellentesqueAt.xls,147
IaculisJustoIn.xls,83
UtUltrices.gif,115
SitAmetJusto.jpeg,130
Penatibus.pdf,97
Ultrices.xls,149
CurabiturAt.ppt,111
Ipsum.mpeg,52
Suspendisse.png,127
NonummyMaecenas.tiff,21
ParturientMontesNascetur.avi,137
DonecVitae.xls,62
Magnis.mp3,96
LacusMorbi.avi,40
TortorIdNulla.mov,18
EstDonec.avi,3
IntegerAliquet.jpeg,64
QuisTurpis.mpeg,100
Semper.txt,102
PlateaDictumstMorbi.png,107
PrimisInFaucibus.tiff,89
Aliquam.ppt,43
Vivamus.ppt,126
PedeVenenatisNon.ppt,141
UtNulla.xls,52
AliquetPulvinarSed.txt,95
HabitassePlateaDictumst.mov,142
Nisl.xls,139
IdConsequatIn.doc,70
NullaMollis.png,20
EtMagnis.mp3,138
VestibulumQuam.xls,95
Accumsan.xls,45
TortorSollicitudinMi.tiff,5
EuNibhQuisque.ppt,66
QuisOrciEget.xls,114
MaurisSitAmet.ppt,28
A.xls,149
Sagittis.jpeg,112
NullaMollis.jpeg,23
NecMolestieSed.ppt,48
SemperSapien.ppt,129
LigulaNec.mp3,76
Et.avi,41
NuncCommodo.xls,121
OrnareConsequat.doc,144
SedAnte.avi,88
CurabiturConvallisDuis.xls,11
UtAtDolor.avi,67
VitaeMattis.png,19
IdPretiumIaculis.ppt,83
Bibendum.jpeg,75
IaculisCongueVivamus.mp3,65
SitAmet.xls,7
HacHabitasse.tiff,2
NislAeneanLectus.ppt,135
VestibulumAnte.mp3,97
InCongue.xls,78
Mi.tiff,133
AmetEleifendPede.mpeg,31
NecDui.doc,45
LuctusEt.ppt,71
DisParturient.png,100
CongueEtiam.txt,116
IdSapien.mov,17
AtDolor.avi,12
ConsequatNullaNisl.ppt,78
Enim.avi,102
OdioPorttitorId.mp3,29
SedVelEnim.ppt,55
OrciPedeVenenatis.jpeg,8
NuncRhoncus.mp3,53
ProinLeoOdio.png,81
Orci.avi,141
FaucibusOrci.avi,126
CumSociisNatoque.pdf,118
Quis.mov,80
CurabiturConvallisDuis.mov,33
BlanditLacinia.ppt,105
Amet.pdf,60
ViverraDapibus.txt,46
AnteVestibulum.avi,140
MassaIdLobortis.ppt,53
NecDui.png,51
Nisi.avi,59
Tristique.avi,19
ConvallisEgetEleifend.png,143
Velit.xls,97
ElementumLigulaVehicula.mp3,10
Penatibus.ppt,76
NamUltricesLibero.xls,99
SollicitudinMi.mp3,92
EratCurabitur.avi,135
VivamusVelNulla.mp3,43
Eget.avi,111
Ullamcorper.txt,104
ElementumNullam.avi,54
NisiEu.xls,72
VivamusIn.ppt,22
InEleifend.xls,71
DonecPharetraMagna.xls,128
Porttitor.xls,35
SitAmetErat.mp3,88
NequeSapienPlacerat.png,42
Lorem.mpeg,35
PotentiInEleifend.xls,23
Vestibulum.mov,105
Vivamus.mpeg,115
HabitassePlatea.xls,76
EratCurabitur.mpeg,130
NullaQuisqueArcu.xls,138
SitAmetJusto.mp3,6
Quisque.jpeg,11
TemporTurpisNec.mpeg,135
ElitProinRisus.gif,104
Viverra.ppt,21
DuiLuctus.gif,114
Volutpat.avi,116
DictumstAliquamAugue.doc,22
EuEstCongue.avi,69
TinciduntEuFelis.doc,123
Tincidunt.jpeg,30
DuiMaecenasTristique.txt,82
CursusUrnaUt.avi,76
MorbiA.txt,77
DiamVitae.xls,55
DuiNecNisi.avi,107
RutrumNeque.doc,75
SedAugueAliquam.ppt,25
InSagittisDui.xls,149
EgetCongue.txt,143
TurpisNecEuismod.mp3,120
IdPretium.xls,35
Metus.xls,119
Morbi.ppt,47
HendreritAtVulputate.avi,139
In.tiff,75
Ac.ppt,56
VestibulumAnte.gif,93
BlanditNamNulla.avi,105
Nibh.ppt,131
RutrumRutrumNeque.jpeg,111
Maecenas.xls,32
EstRisus.ppt,140
IntegerNonVelit.xls,51
IpsumPrimis.ppt,29
DonecOdioJusto.png,10
DuisBibendum.ppt,98
NullaIntegerPede.gif,38
EtUltrices.mp3,77
Nulla.doc,67
OrciLuctus.mov,82
MorbiUt.mpeg,142
HacHabitassePlatea.mp3,11
Porttitor.mpeg,70
Integer.ppt,128
Suspendisse.ppt,45
Gradle (1).png,151
Gradle.png,151
